6626704,Cordelia Shucksmith,Enfermeria
6520985,Jana Barhems,Biotecnologia
0597720,Rustin Kayes,Filologia
7833172,Regan Beathem,Informatica
8461192,Locke Badgers,Enfermeria
7059866,Andriette Style,Filologia
6117216,Kale Petrishchev,Informatica
3354073,Janeczka Twell,Filologia
0521421,Emma Holstein,Filologia
3600005,Rafe Stilwell,Medicina
3847324,Kingston Paulot,Filologia
1114279,Cobbie Frapwell,Informatica
7378724,Lucy Tarn,Informatica
9739036,Tadeas Geeves,Medicina
5972023,Orlando Wallbank,Administracion
2920773,Taddeo Pratte,Enfermeria
6252763,Rufe Birchall,Medicina
7889100,Morgen Deare,Filologia
2559294,Arabella Biasi,Medicina
0210611,Agathe McLanaghan,Medicina
8146170,Maddi Whiffen,Filologia
7202792,Cristy Dunnett,Medicina
3218579,Agosto Crinidge,Filologia
8368478,Doretta Mosey,Filologia
3220140,Xaviera Samber,Medicina
7203598,Tim Darrigone,Enfermeria
8013709,Mina Milmoe,Biotecnologia
6418881,Chris Bolf,Informatica
8063910,Peter Rathke,Informatica
1549500,Dorothea Hincham,Informatica
8223357,Roberto Greenland,Biotecnologia
8246336,Wilburt Benfell,Informatica
4282688,Abie Pandey,Administracion
2810322,Isak Tollady,Administracion
2932561,Eveleen Edmead,Informatica
7101810,Carey Teesdale,Filologia
8723350,Maribelle Juggings,Medicina
6875162,Tommie Francecione,Biotecnologia
2009571,Garner Lanning,Enfermeria
9633951,Saloma Griffen,Biotecnologia
4841909,Yancey Louden,Administracion
5556906,Weber Compston,Enfermeria
3489362,Raymond Spaight,Administracion
7162630,Inger Cookes,Biotecnologia
9764201,Dalenna Cockarill,Administracion
6623736,Margarethe McPharlain,Enfermeria
4915275,Galen Lackner,Enfermeria
1836965,Adella Twell,Informatica
0884100,Hildy Pendle,Medicina
6703490,Dorothea McKinstry,Informatica
7732058,Danica Shiel,Enfermeria
8341823,Antonia Roskelly,Administracion
3557652,Remus Mepham,Medicina
9552181,Timothea McManus,Biotecnologia
7346399,Welbie Everett,Enfermeria
8812073,Heda Maisey,Administracion
0137241,Don McNay,Administracion
6987010,Parrnell Cuskery,Informatica
1944480,Kameko Niemetz,Administracion
2742484,Piotr Gerring,Medicina
9958010,Arvin Bradman,Informatica
8013818,Licha Longcaster,Informatica
2262640,Ruthi Dishmon,Enfermeria
8231105,Chen Prestwich,Informatica
1775611,Vivyanne Hawkswood,Filologia
2011177,Carmita Dobing,Biotecnologia
7419020,Gigi Summergill,Medicina
1696559,Matthew Lancaster,Informatica
9442878,Kerrie Dudny,Administracion
1117634,Karolina Hostan,Biotecnologia
6712122,Shawnee Leijs,Medicina
0048891,Joly Dionisii,Administracion
3631796,Myrtle Bruggeman,Enfermeria
4975269,Sean Redpath,Biotecnologia
1602996,Gianina Pahl,Informatica
0592477,Tonnie Tregidga,Administracion
5958278,Roderic Soppett,Filologia
5636509,Dahlia Cristobal,Filologia
2526827,Kare Grundey,Biotecnologia
7590259,Woody O'Shaughnessy,Biotecnologia
2062608,Germain Trotton,Filologia
5334104,Cornelia Drew-Clifton,Informatica
9170888,Dacey Reilinger,Informatica
8153493,Quentin Mabbs,Biotecnologia
9500016,Daveta Lambarth,Filologia
0315197,Gianina Le Count,Filologia
6710922,Flinn Foad,Biotecnologia
0068034,Dougy Pinsent,Informatica
1087714,Trescha Dollman,Filologia
5549627,Jose Gabey,Informatica
9315321,Nona Pinxton,Enfermeria
7588239,Curr Mateev,Administracion
0782886,Milka Jerrom,Filologia
3209330,Desmond Saleway,Informatica
0425692,Dilly Drain,Filologia
7704024,Nevin Feehely,Filologia
0045856,Ring Raleston,Medicina
9594224,Kary Verlinde,Administracion
5752975,Pauli Wittman,Biotecnologia
2928545,Natividad Stiant,Biotecnologia
